nr,BaboonID,Ncollars,Date,Distance,SL,Sinuosity,RT,GG,RG,Repstate,fT3,Sex,Rank,Daylength,socopp
1,A,7,26/07/2018,6.62,3.323454629,0.284252419,4,NA,NA,CYC,47.3,F,0.22222222,10.28333333,72
2,A,7,27/07/2018,11.22,NA,NA,NA,9257,3620,CYC,NA,F,0.22222222,10.31666667,12
3,A,7,28/07/2018,10.11,4.092528187,0.303866407,3,6193,6274,CYC,NA,F,0.22222222,10.35,110
4,A,7,29/07/2018,12.62,2.043587662,0.489867943,2.5,6159,8608,CYC,46.3,F,0.22222222,10.35,75
5,A,10,30/07/2018,10.31,NA,NA,NA,7858,9257,CYC,NA,F,0.22222222,10.38333333,225
6,A,10,31/07/2018,11.7,1.406245057,0.472353902,10,7911,8066,CYC,NA,F,0.22222222,10.41666667,246
7,A,10,01/08/2018,12.04,NA,NA,NA,8084,8517,CYC,NA,F,0.22222222,10.43333333,194
8,A,13,02/08/2018,10.47,3.437183264,0.309750385,3,4859,7398,CYC,NA,F,0.22222222,10.46666667,173
9,A,13,03/08/2018,9.16,0.907096745,0.812230212,15,8777,12131,CYC,NA,F,0.22222222,10.48333333,324
10,A,13,04/08/2018,9.34,NA,NA,NA,6117,4743,CYC,NA,F,0.22222222,10.51666667,153
11,A,13,05/08/2018,9.98,4.995058896,0.41417546,2,7673,8792,CYC,48.2,F,0.22222222,10.53333333,173
12,A,13,06/08/2018,9.34,NA,NA,NA,10242,7231,CYC,40,F,0.22222222,10.56666667,123
13,A,13,07/08/2018,11.49,0.981055777,0.340626018,12,5779,5850,CYC,NA,F,0.22222222,10.6,180
14,A,13,08/08/2018,9.48,NA,NA,NA,9472,5317,CYC,NA,F,0.22222222,10.61666667,213
15,A,13,09/08/2018,11.07,3.38561418,0.358047256,3,7940,5396,CYC,43.85,F,0.22222222,10.65,208
16,A,13,10/08/2018,9.27,1.292204046,0.429602148,5,8901,3273,CYC,NA,F,0.22222222,10.68333333,118
17,A,12,11/08/2018,NA,1.565133921,0.655923835,11,6908,7081,CYC,61.4,F,0.22222222,10.7,NA
18,A,13,12/08/2018,12.22,NA,NA,NA,7139,11977,CYC,NA,F,0.22222222,10.73333333,252
19,A,13,13/08/2018,13.1,3.349609449,0.364783502,3,7620,3717,CYC,70.8,F,0.22222222,10.76666667,47
20,A,13,14/08/2018,8.84,NA,NA,NA,9854,10747,CYC,46.7,F,0.22222222,10.8,327
21,A,13,15/08/2018,9.07,2.783369421,0.436497346,4,8498,6042,CYC,NA,F,0.22222222,10.81666667,184
22,A,12,16/08/2018,15.53,4.286584931,0.348199628,2,5174,5453,CYC,44.6,F,0.22222222,10.85,110
23,A,12,17/08/2018,11.32,4.626684221,0.320026025,2,10198,5767,CYC,NA,F,0.22222222,10.88333333,229
24,A,12,18/08/2018,12.28,6.50574318,0.308268828,2,7290,4426,CYC,NA,F,0.22222222,10.9,233
25,A,12,19/08/2018,10.56,2.559396538,0.403005925,10,7252,5831,CYC,NA,F,0.22222222,10.95,172
26,A,12,20/08/2018,11.08,NA,NA,NA,8810,4875,CYC,35.3,F,0.22222222,10.98333333,136
27,A,12,21/08/2018,11.57,4.534879296,0.298789942,2,8130,2950,CYC,NA,F,0.22222222,11,98
28,A,12,22/08/2018,15.68,NA,NA,NA,5788,7113,CYC,59.9,F,0.22222222,11.03333333,188
29,A,12,23/08/2018,10.1,1.242289557,0.500134011,11,9867,3891,CYC,NA,F,0.22222222,11.06666667,150
30,A,12,24/08/2018,11.09,3.215662911,0.394625579,3,9145,2777,CYC,NA,F,0.22222222,11.1,79
31,A,12,25/08/2018,10.82,NA,NA,NA,4995,7088,CYC,NA,F,0.22222222,11.13333333,198
32,A,11,26/08/2018,12.37,9.70606323,0.235067827,1,5417,6608,CYC,57.2,F,0.22222222,11.16666667,120
33,A,11,27/08/2018,11.21,NA,NA,NA,5432,11611,CYC,NA,F,0.22222222,11.2,154
34,A,11,28/08/2018,12.26,4.084041186,0.279826281,2,5779,8597,CYC,NA,F,0.22222222,11.23333333,89
35,A,11,29/08/2018,10.54,NA,NA,NA,10120,9186,PREG,43.2,F,0.22222222,11.26666667,151
36,A,11,30/08/2018,11.27,5.046502263,0.361455085,2,9162,4105,PREG,NA,F,0.22222222,11.3,101
37,A,11,31/08/2018,10.52,4.01590223,0.294821372,3,8532,6214,PREG,NA,F,0.22222222,11.31666667,148
38,A,11,01/09/2018,9.8,3.154785161,0.343725831,3,7397,7193,PREG,NA,F,0.22222222,11.36666667,105
39,A,11,02/09/2018,14.43,2.564628169,0.356603018,3.5,6240,7131,PREG,NA,F,0.22222222,11.4,69
40,A,11,03/09/2018,11.86,NA,NA,NA,7527,7305,PREG,65,F,0.22222222,11.41666667,144
41,A,11,04/09/2018,15.85,3.466048102,0.514244141,5,4917,6980,PREG,NA,F,0.22222222,11.46666667,12
42,A,11,05/09/2018,9.46,NA,NA,NA,13097,10207,PREG,54.5,F,0.22222222,11.5,303
43,A,11,06/09/2018,9.46,4.814510253,0.381970419,3,11081,8117,PREG,32.1,F,0.22222222,11.51666667,106
44,A,11,07/09/2018,10.02,NA,NA,NA,10698,8001,PREG,NA,F,0.22222222,11.56666667,184
45,A,9,08/09/2018,6.01,5.580746256,0.363145329,2,5384,4878,PREG,38,F,0.22222222,11.6,NA
46,A,9,09/09/2018,12.86,4.86312708,0.345897085,3,10942,8361,PREG,57.35,F,0.22222222,11.61666667,NA
47,A,6,10/09/2018,9.77,6.659287204,0.374569968,2,8422,7082,PREG,NA,F,0.22222222,11.66666667,NA
48,A,5,11/09/2018,10.64,NA,NA,NA,7900,4539,PREG,NA,F,0.22222222,11.7,NA
49,A,4,12/09/2018,12,2.143402071,0.385486386,5,4466,8020,PREG,NA,F,0.22222222,11.73333333,NA
50,A,3,13/09/2018,12.17,4.587459572,0.313266028,3,6792,9479,PREG,NA,F,0.22222222,11.76666667,NA
51,A,2,14/09/2018,9.85,NA,NA,NA,10561,10105,PREG,NA,F,0.22222222,11.8,NA
52,A,2,15/09/2018,NA,1.360091081,0.405468184,7,10262,3422,PREG,NA,F,0.22222222,11.83333333,NA
53,A,2,16/09/2018,NA,NA,NA,NA,9769,6627,PREG,NA,F,0.22222222,11.86666667,NA
54,A,2,17/09/2018,NA,1.559874163,0.552858606,4.5,6181,9625,PREG,NA,F,0.22222222,11.9,NA
55,A,2,18/09/2018,NA,NA,NA,NA,8289,11517,PREG,NA,F,0.22222222,11.93333333,NA
56,A,2,19/09/2018,NA,4.450982324,0.435567058,3,7947,12211,PREG,NA,F,0.22222222,11.96666667,NA
57,A,NA,20/09/2018,NA,3.376139219,0.390749551,4,8841,8011,PREG,NA,F,0.22222222,12.01666667,NA
58,A,NA,21/09/2018,NA,10.38550971,NA,NA,9481,7864,PREG,NA,F,0.22222222,12.03333333,NA
59,A,NA,22/09/2018,NA,NA,NA,NA,8390,8869,PREG,61.1,F,0.22222222,12.06666667,NA
60,A,NA,23/09/2018,NA,2.72371715,0.333951749,4,8117,6961,PREG,NA,F,0.22222222,12.11666667,NA
61,A,NA,24/09/2018,NA,NA,NA,NA,8996,5884,PREG,NA,F,0.22222222,12.15,NA
62,A,NA,25/09/2018,NA,22.82874645,0.153775023,1,5885,8509,PREG,NA,F,0.22222222,12.18333333,NA
63,A,NA,26/09/2018,NA,NA,NA,NA,5572,4718,PREG,NA,F,0.22222222,12.21666667,NA
64,A,NA,27/09/2018,NA,1.204771316,0.40769783,9,6119,8844,PREG,NA,F,0.22222222,12.25,NA
65,A,NA,28/09/2018,NA,0.646162437,1.342111259,21,6911,9400,PREG,52.8,F,0.22222222,12.28333333,NA
66,A,NA,29/09/2018,NA,NA,NA,NA,7251,4262,PREG,NA,F,0.22222222,12.31666667,NA
67,A,NA,30/09/2018,NA,1.999747046,0.450764249,5,11524,6298,PREG,NA,F,0.22222222,12.36666667,NA
68,C,7,26/07/2018,6.01,1.26136194,0.30586876,3,NA,NA,CYC,26.5,F,0.05555556,10.28333333,4
69,C,7,27/07/2018,12.86,6.006304699,0.263750998,2,NA,NA,CYC,NA,F,0.05555556,10.31666667,94
70,C,7,28/07/2018,9.77,3.592476135,0.262167092,3,NA,NA,CYC,NA,F,0.05555556,10.35,52
71,C,7,29/07/2018,10.64,4.924198424,0.445495917,2,NA,NA,CYC,NA,F,0.05555556,10.35,48
72,C,10,30/07/2018,12,1.252157531,0.42947308,7,NA,NA,CYC,NA,F,0.05555556,10.38333333,109
73,C,10,31/07/2018,12.17,3.757711939,0.309315506,3,NA,NA,CYC,NA,F,0.05555556,10.41666667,179
74,C,10,01/08/2018,9.85,1.360644152,0.415400852,6,NA,NA,CYC,NA,F,0.05555556,10.43333333,111
75,C,13,02/08/2018,11.77,7.586057575,0.609372903,2,NA,NA,CYC,NA,F,0.05555556,10.46666667,47
76,C,13,03/08/2018,10.85,1.360632291,0.355462126,9,NA,NA,CYC,NA,F,0.05555556,10.48333333,333
77,C,13,04/08/2018,9.43,3.799970112,0.33440021,3,NA,NA,CYC,NA,F,0.05555556,10.51666667,156
78,C,13,05/08/2018,10.79,1.999652953,0.39177655,5,NA,NA,CYC,30.3,F,0.05555556,10.53333333,195
79,C,13,06/08/2018,12.62,4.673737882,0.373269024,3,NA,NA,CYC,NA,F,0.05555556,10.56666667,242
80,C,13,07/08/2018,12.24,3.846051053,0.329071734,2,NA,NA,CYC,NA,F,0.05555556,10.6,126
81,C,13,08/08/2018,9.82,2.134095506,0.412325493,4,NA,NA,CYC,NA,F,0.05555556,10.61666667,219
82,C,13,09/08/2018,10.46,4.441427323,0.349139158,2,NA,NA,CYC,37.1,F,0.05555556,10.65,190
83,C,13,10/08/2018,9.66,6.006475699,0.315059595,2,NA,NA,CYC,NA,F,0.05555556,10.68333333,80
84,C,12,11/08/2018,NA,7.055031796,0.271870319,2,NA,NA,CYC,NA,F,0.05555556,10.7,NA
85,C,13,12/08/2018,5.6,NA,NA,NA,NA,NA,CYC,NA,F,0.05555556,10.73333333,6
86,C,13,13/08/2018,9.87,1.23124654,0.36289257,14,NA,NA,CYC,NA,F,0.05555556,10.76666667,217
87,C,13,14/08/2018,9.65,1.203492886,0.406676334,8,NA,NA,CYC,NA,F,0.05555556,10.8,223
88,C,13,15/08/2018,8.91,1.243647373,0.387652671,6,NA,NA,CYC,NA,F,0.05555556,10.81666667,194
89,C,12,16/08/2018,10.31,1.519776199,0.373737427,5,NA,NA,CYC,45.9,F,0.05555556,10.85,261
90,C,12,17/08/2018,11.52,6.566790749,0.411455541,2,NA,NA,CYC,NA,F,0.05555556,10.88333333,44
91,C,12,18/08/2018,10.56,3.392523382,0.36917413,3,NA,NA,CYC,NA,F,0.05555556,10.9,169
92,C,12,19/08/2018,11.31,3.633733219,0.276465447,3,NA,NA,CYC,NA,F,0.05555556,10.95,64
93,C,12,20/08/2018,12.17,3.990886652,0.323084824,3,NA,NA,CYC,NA,F,0.05555556,10.98333333,283
94,C,12,21/08/2018,10.94,2.213246973,0.443545583,4,NA,NA,CYC,NA,F,0.05555556,11,185
95,C,12,22/08/2018,12.86,4.482701151,0.326275044,2,NA,NA,CYC,30.8,F,0.05555556,11.03333333,157
96,C,12,23/08/2018,12,1.654213043,0.347403361,5,NA,NA,CYC,53.4,F,0.05555556,11.06666667,136
97,C,12,24/08/2018,9.33,3.150314221,0.38272419,3,NA,NA,CYC,NA,F,0.05555556,11.1,126
98,C,12,25/08/2018,11.45,1.72308409,0.343687788,4,NA,NA,CYC,NA,F,0.05555556,11.13333333,190
99,C,11,26/08/2018,12.33,7.520175076,0.373840487,1,NA,NA,CYC,42.4,F,0.05555556,11.16666667,131
100,C,11,27/08/2018,10.46,1.366205656,0.402047641,13,NA,NA,CYC,NA,F,0.05555556,11.2,392
101,C,11,28/08/2018,10.63,3.762028808,0.367091219,3,NA,NA,CYC,NA,F,0.05555556,11.23333333,96
102,C,11,29/08/2018,9.4,1.242280282,0.388535175,9,NA,NA,CYC,NA,F,0.05555556,11.26666667,291
103,C,11,30/08/2018,10.04,1.340526963,0.505780019,5,NA,NA,CYC,62.8,F,0.05555556,11.3,133
104,C,11,31/08/2018,8.45,1.92355081,0.46420187,4,NA,NA,CYC,NA,F,0.05555556,11.31666667,167
105,C,11,01/09/2018,10.45,2.643360769,0.360940212,4,NA,NA,CYC,31.7,F,0.05555556,11.36666667,125
106,C,11,02/09/2018,11.48,3.084392977,0.431192133,3.5,NA,NA,CYC,NA,F,0.05555556,11.4,105
107,C,11,03/09/2018,12.34,5.259956412,0.316834985,3,NA,NA,CYC,NA,F,0.05555556,11.41666667,187
108,C,11,04/09/2018,9.82,1.480632953,0.378545324,8,NA,NA,CYC,NA,F,0.05555556,11.46666667,271
109,C,11,05/09/2018,12.84,2.057323163,0.359526106,12,NA,NA,CYC,NA,F,0.05555556,11.5,268
110,C,11,06/09/2018,11.72,1.854861255,0.40311226,5,NA,NA,CYC,22.3,F,0.05555556,11.51666667,85
111,C,11,07/09/2018,10.3,2.704405179,0.441376965,5,NA,NA,CYC,NA,F,0.05555556,11.56666667,181
112,C,9,08/09/2018,11.54,4.181832345,0.349026466,3,NA,NA,CYC,54.2,F,0.05555556,11.6,128
113,C,9,09/09/2018,NA,1.818951159,0.431165828,4,NA,NA,CYC,46.3,F,0.05555556,11.61666667,13
114,D,13,02/08/2018,8.23,8.517317609,0.298796761,2,NA,NA,PREG,65.3,F,0.33333333,10.46666667,108
115,D,13,03/08/2018,14.28,3.960538659,0.385007696,12,NA,NA,PREG,NA,F,0.33333333,10.48333333,360
116,D,13,04/08/2018,14.71,6.116457938,0.350104374,3,NA,NA,PREG,NA,F,0.33333333,10.51666667,143
117,D,13,05/08/2018,13.66,4.408519959,0.459249087,6,NA,NA,PREG,NA,F,0.33333333,10.53333333,226
118,D,13,06/08/2018,11.88,4.043827997,0.582542682,19,NA,NA,PREG,NA,F,0.33333333,10.56666667,337
119,D,13,07/08/2018,17.18,4.894287748,0.322775529,3,NA,NA,PREG,NA,F,0.33333333,10.6,46
120,D,13,08/08/2018,13.51,4.851803912,0.329706834,4,NA,NA,PREG,NA,F,0.33333333,10.61666667,248
121,D,13,09/08/2018,14.22,5.808694372,0.377956317,3,NA,NA,PREG,43.4,F,0.33333333,10.65,184
122,D,13,10/08/2018,12.91,6.459368496,0.349411258,2,NA,NA,PREG,NA,F,0.33333333,10.68333333,122
123,D,12,11/08/2018,NA,8.901451529,0.302241095,2,NA,NA,PREG,NA,F,0.33333333,10.7,NA
124,D,13,12/08/2018,12.32,6.491000684,0.377278161,4,NA,NA,PREG,NA,F,0.33333333,10.73333333,40
125,D,13,13/08/2018,14.38,3.024587973,0.447269141,23,NA,NA,PREG,51,F,0.33333333,10.76666667,184
126,D,13,14/08/2018,15.1,4.995291719,0.53630709,9,NA,NA,PREG,67.9,F,0.33333333,10.8,231
127,D,13,15/08/2018,14.04,4.241332308,0.505608826,7,NA,NA,PREG,NA,F,0.33333333,10.81666667,233
128,D,12,16/08/2018,13.47,3.602972494,0.627839689,5.5,NA,NA,PREG,NA,F,0.33333333,10.85,142
129,D,12,17/08/2018,13.77,4.278405977,0.347403178,5,NA,NA,PREG,NA,F,0.33333333,10.88333333,83
130,D,12,18/08/2018,11.85,4.741041423,0.416757029,3,NA,NA,PREG,27.5,F,0.33333333,10.9,127
131,D,12,19/08/2018,13.19,5.770521828,0.37522417,3,NA,NA,PREG,NA,F,0.33333333,10.95,180
132,D,12,20/08/2018,14.76,5.085495152,0.305020666,3,NA,NA,PREG,NA,F,0.33333333,10.98333333,149
133,D,12,21/08/2018,10.87,5.072291835,0.51024724,4,NA,NA,PREG,NA,F,0.33333333,11,87
134,D,12,22/08/2018,14.14,4.262013726,0.654583034,7,NA,NA,PREG,32.6,F,0.33333333,11.03333333,339
135,D,12,23/08/2018,9.94,4.302878672,0.376767869,6,NA,NA,PREG,NA,F,0.33333333,11.06666667,116
136,D,12,24/08/2018,13.2,4.536595116,0.40336687,3,NA,NA,PREG,NA,F,0.33333333,11.1,121
137,D,12,25/08/2018,14.42,3.824396805,0.660413222,22,NA,NA,PREG,NA,F,0.33333333,11.13333333,239
138,D,11,26/08/2018,17.16,8.104657471,0.377873681,2,NA,NA,PREG,NA,F,0.33333333,11.16666667,161
139,D,11,27/08/2018,14.52,4.773069001,0.40666597,7,NA,NA,PREG,NA,F,0.33333333,11.2,254
140,D,11,28/08/2018,15.21,4.982999817,0.228975884,3,NA,NA,PREG,NA,F,0.33333333,11.23333333,62
141,D,11,29/08/2018,15.09,4.89936942,0.408721585,5,NA,NA,PREG,43.5,F,0.33333333,11.26666667,126
142,D,11,30/08/2018,12.04,3.792619114,0.787785708,6,NA,NA,PREG,NA,F,0.33333333,11.3,72
143,D,11,31/08/2018,12.8,4.952522066,0.479171021,4,NA,NA,PREG,NA,F,0.33333333,11.31666667,177
144,D,11,01/09/2018,15.62,5.246997646,0.340418274,3,NA,NA,LAC,44.2,F,0.33333333,11.36666667,89
145,D,11,02/09/2018,13.65,4.238650924,0.663852513,10,NA,NA,PREG,NA,F,0.33333333,11.4,24
146,D,11,03/09/2018,15.86,5.402020062,0.307052899,3,NA,NA,PREG,NA,F,0.33333333,11.41666667,192
147,D,11,04/09/2018,11.22,3.368095937,0.415297356,19.5,NA,NA,PREG,NA,F,0.33333333,11.46666667,344
148,D,11,05/09/2018,16.23,4.698085093,0.483509938,11,NA,NA,LAC,27.3,F,0.33333333,11.5,267
149,D,11,06/09/2018,12.7,4.152701807,0.433598194,4,NA,NA,LAC,NA,F,0.33333333,11.51666667,142
150,D,11,07/09/2018,15.93,5.245690869,0.423601578,5,NA,NA,LAC,NA,F,0.33333333,11.56666667,166
151,D,9,08/09/2018,12.65,4.897784163,0.437786674,3,NA,NA,LAC,32.4,F,0.33333333,11.6,139
152,D,9,09/09/2018,10.09,4.280686277,0.478916068,4,NA,NA,LAC,NA,F,0.33333333,11.61666667,63
153,D,6,10/09/2018,13.42,4.222624604,0.324626072,3,NA,NA,LAC,NA,F,0.33333333,11.66666667,54
154,D,5,11/09/2018,13.54,4.637340222,0.389831146,3,NA,NA,LAC,NA,F,0.33333333,11.7,91
155,D,4,12/09/2018,NA,4.666142462,0.357616385,4,NA,NA,LAC,NA,F,0.33333333,11.73333333,NA
156,D,3,13/09/2018,NA,4.087966459,0.499464755,5,NA,NA,LAC,NA,F,0.33333333,11.76666667,NA
157,D,2,14/09/2018,NA,7.364488424,0.388821689,5,NA,NA,LAC,NA,F,0.33333333,11.8,NA
158,D,2,15/09/2018,NA,5.21007688,0.403779164,3,NA,NA,LAC,NA,F,0.33333333,11.83333333,NA
159,D,2,16/09/2018,NA,5.461240309,0.352901467,3,NA,NA,LAC,NA,F,0.33333333,11.86666667,NA
160,D,2,17/09/2018,NA,5.999455319,0.407632659,4,NA,NA,LAC,NA,F,0.33333333,11.9,NA
161,H,NA,25/07/2018,NA,1.238651448,0.312663532,5,NA,NA,CYC,NA,F,0.94444444,10.28333333,NA
162,H,7,26/07/2018,NA,1.238691081,0.336989667,7,7730,6344,CYC,33.35,F,0.94444444,10.28333333,74
163,H,7,27/07/2018,8.42,5.059080275,0.180910904,2,7013,2660,CYC,32,F,0.94444444,10.31666667,127
164,H,7,28/07/2018,11.7,2.720193235,0.341919137,3,4597,1756,CYC,NA,F,0.94444444,10.35,146
165,H,7,29/07/2018,10.02,3.350249293,0.376454989,3,7479,3775,CYC,NA,F,0.94444444,10.35,73
166,H,10,30/07/2018,9.05,5.033284388,0.39442533,2,6755,2220,CYC,NA,F,0.94444444,10.38333333,212
167,H,10,31/07/2018,10.16,2.574687962,0.345947176,5,8397,4756,CYC,NA,F,0.94444444,10.41666667,335
168,H,10,01/08/2018,10.69,1.142305208,0.513006045,5,11513,3968,CYC,NA,F,0.94444444,10.43333333,227
169,H,13,02/08/2018,7.03,4.228659977,0.397869225,2,8674,2969,CYC,47.5,F,0.94444444,10.46666667,280
170,H,13,03/08/2018,8.85,1.064877805,0.347725524,14,10505,7810,CYC,NA,F,0.94444444,10.48333333,452
171,H,13,04/08/2018,9.64,3.23940998,0.355355195,3,5527,2905,CYC,NA,F,0.94444444,10.51666667,331
172,H,13,05/08/2018,9.37,1.125392673,0.298798521,7,7183,4278,CYC,NA,F,0.94444444,10.53333333,275
173,H,13,06/08/2018,11,4.439906484,0.409162292,2,5914,5783,CYC,35.5,F,0.94444444,10.56666667,247
174,H,13,07/08/2018,11.98,3.935324012,0.289448774,2,7460,3298,CYC,38.8,F,0.94444444,10.6,301
175,H,13,08/08/2018,8.86,2.050844948,0.440321027,3,10393,6146,CYC,NA,F,0.94444444,10.61666667,480
176,H,13,09/08/2018,9.88,2.689825495,0.329700762,3,9491,2182,CYC,NA,F,0.94444444,10.65,381
177,H,13,10/08/2018,13.81,4.961099995,0.329588967,2,7042,3242,CYC,NA,F,0.94444444,10.68333333,422
178,H,13,12/08/2018,12.37,2.145501948,0.404768259,8,8589,9959,CYC,NA,F,0.94444444,10.73333333,316
179,H,13,13/08/2018,8.5,1.138156187,0.492057125,7,5793,6030,CYC,NA,F,0.94444444,10.76666667,439
180,H,13,14/08/2018,10.57,1.778784577,0.613772575,10,9322,8548,CYC,NA,F,0.94444444,10.8,700
181,H,13,15/08/2018,9.4,1.299237608,0.413279852,9.5,9328,10145,CYC,49.5,F,0.94444444,10.81666667,286
182,H,12,16/08/2018,9.7,1.036777957,0.299302509,20,9203,7012,CYC,NA,F,0.94444444,10.85,472
183,H,12,17/08/2018,10.05,3.118030744,0.397534988,3,5933,7350,CYC,NA,F,0.94444444,10.88333333,616
184,H,12,18/08/2018,8.63,2.375967156,0.421353737,3,4999,7315,CYC,39.6,F,0.94444444,10.9,645
185,H,12,19/08/2018,9.15,2.430730819,0.338143683,3,6599,6815,CYC,42.3,F,0.94444444,10.95,622
186,H,12,20/08/2018,11.34,2.523671584,0.32253896,4,5675,6833,CYC,27.1,F,0.94444444,10.98333333,703
187,H,12,21/08/2018,9.08,1.16989998,0.487840313,6,8014,9201,CYC,NA,F,0.94444444,11,276
188,H,12,22/08/2018,9.24,1.554205829,0.465038675,10,10483,4432,CYC,63.3,F,0.94444444,11.03333333,271
189,H,12,23/08/2018,8.67,1.383994315,0.401471717,5,7825,6537,CYC,NA,F,0.94444444,11.06666667,273
190,H,12,24/08/2018,9.49,3.432402152,0.389779719,2,8293,3419,CYC,NA,F,0.94444444,11.1,150
191,H,12,25/08/2018,9.38,1.491529295,0.427954635,4,5334,3541,CYC,NA,F,0.94444444,11.13333333,246
192,H,11,26/08/2018,10.7,2.276013211,0.380776129,2,7085,4225,CYC,43.8,F,0.94444444,11.16666667,396
193,H,11,27/08/2018,10.84,1.688062425,0.435459222,11,7232,7979,CYC,NA,F,0.94444444,11.2,490
194,H,11,28/08/2018,11.78,2.412110884,0.385348419,4,6237,4934,CYC,34.5,F,0.94444444,11.23333333,242
195,H,11,29/08/2018,8.25,0.998961095,0.429947399,10,15058,7174,CYC,34.8,F,0.94444444,11.26666667,331
196,H,11,30/08/2018,9.38,2.989167552,0.408204739,3,7851,6085,CYC,21.3,F,0.94444444,11.3,194
197,H,11,31/08/2018,10.63,3.375635599,0.441762289,3,8454,5181,CYC,NA,F,0.94444444,11.31666667,232
198,H,11,01/09/2018,9.77,2.274612562,0.413431342,4,9283,5819,CYC,NA,F,0.94444444,11.36666667,291
199,H,11,02/09/2018,8.32,1.381940278,0.540612859,4,6869,3671,CYC,NA,F,0.94444444,11.4,167
200,H,11,03/09/2018,11.6,3.66766088,0.316761928,3,10215,4706,CYC,NA,F,0.94444444,11.41666667,329
201,H,11,04/09/2018,7.82,1.112898886,0.370677191,19,12138,6379,CYC,36.5,F,0.94444444,11.46666667,413
202,H,11,05/09/2018,11.17,1.426963316,0.440069637,15,12137,6866,CYC,NA,F,0.94444444,11.5,481
203,H,11,06/09/2018,9.57,2.982965491,0.403554281,2.5,8598,3347,CYC,NA,F,0.94444444,11.51666667,175
204,H,11,07/09/2018,8.89,NA,NA,NA,8766,6008,CYC,NA,F,0.94444444,11.56666667,219
205,H,9,08/09/2018,6.64,NA,NA,NA,6393,3686,CYC,26.9,F,0.94444444,11.6,119
206,H,9,09/09/2018,NA,NA,NA,NA,13659,4129,CYC,26.7,F,0.94444444,11.61666667,21
207,H,6,10/09/2018,NA,NA,NA,NA,8876,4043,CYC,NA,F,0.94444444,11.66666667,14
208,H,5,11/09/2018,NA,NA,NA,NA,10715,2498,CYC,30.7,F,0.94444444,11.7,7
209,K,10,30/07/2018,8.78,8.19206842,0.280796628,1,NA,NA,MALE,NA,M,1,10.38333333,153
210,K,10,31/07/2018,13.32,2.432266951,0.341222129,6,2903,6109,MALE,NA,M,1,10.41666667,308
211,K,10,01/08/2018,9.59,1.621260417,0.398175668,7,4810,9265,MALE,NA,M,1,10.43333333,233
212,K,13,02/08/2018,12.66,4.560615565,0.417488793,2,3785,5088,MALE,NA,M,1,10.46666667,250
213,K,13,03/08/2018,9.64,1.144140331,0.347742128,14,3578,7360,MALE,NA,M,1,10.48333333,456
214,K,13,04/08/2018,10.21,1.756596448,0.363356211,4,2682,5234,MALE,NA,M,1,10.51666667,300
215,K,13,05/08/2018,9.94,1.275739475,0.428295786,8,3094,9113,MALE,NA,M,1,10.53333333,239
216,K,13,06/08/2018,15.66,5.936036803,0.289111392,2,3049,2974,MALE,NA,M,1,10.56666667,243
217,K,13,07/08/2018,12.82,2.340809595,0.386529912,4,4715,4456,MALE,28.2,M,1,10.6,314
218,K,13,08/08/2018,10.73,1.741496045,0.447128263,5,3946,7633,MALE,NA,M,1,10.61666667,492
219,K,13,09/08/2018,10.95,2.30956488,0.377011072,3,5278,3822,MALE,34,M,1,10.65,384
220,K,13,10/08/2018,10.94,4.775467222,0.31955344,2,6245,2254,MALE,NA,M,1,10.68333333,428
221,K,12,11/08/2018,NA,5.662808978,0.293582351,2,4044,4590,MALE,41.4,M,1,10.7,NA
222,K,13,12/08/2018,15.22,2.985391506,0.461473575,9,7499,5908,MALE,NA,M,1,10.73333333,384
223,K,13,13/08/2018,10.98,1.107468333,0.242545133,8,7057,4386,MALE,38.6,M,1,10.76666667,435
224,K,13,14/08/2018,11.18,1.688070005,0.530300786,12,7677,5179,MALE,NA,M,1,10.8,694
225,K,13,15/08/2018,11.63,1.56805297,0.229485916,10,9543,4285,MALE,46.8,M,1,10.81666667,303
226,K,12,16/08/2018,10.77,0.967639275,0.29015947,22,6346,6174,MALE,64,M,1,10.85,507
227,K,12,17/08/2018,10.87,3.538792282,0.391205066,3,8104,2639,MALE,NA,M,1,10.88333333,597
228,K,12,18/08/2018,9.33,3.052247413,0.403055256,3,6830,4400,MALE,31.8,M,1,10.9,610
229,K,12,19/08/2018,10.84,2.768942099,0.376681269,3,7493,4565,MALE,NA,M,1,10.95,642
230,K,12,20/08/2018,12.32,2.909617739,0.322555601,3,6667,3269,MALE,NA,M,1,10.98333333,704
231,K,12,21/08/2018,12.74,2.25612581,0.468279396,6,5269,13065,MALE,NA,M,1,11,285
232,K,12,22/08/2018,10.61,1.600546913,0.385011168,9,4153,8591,MALE,43.1,M,1,11.03333333,265
233,K,12,23/08/2018,8.84,1.206405913,0.39652772,10,4023,8216,MALE,NA,M,1,11.06666667,218
234,K,12,24/08/2018,12.36,2.987724657,0.349779868,3,5753,7754,MALE,NA,M,1,11.1,155
235,K,12,25/08/2018,12.72,1.580380357,0.37912008,5,3399,5400,MALE,35.9,M,1,11.13333333,279
236,K,11,26/08/2018,12.08,2.28570887,0.396100213,3,3485,2935,MALE,29.45,M,1,11.16666667,350
237,K,11,27/08/2018,11.16,1.046583788,0.400021818,25,4423,3916,MALE,25,M,1,11.2,336
238,K,11,28/08/2018,14.3,2.09521308,0.391356306,4,3804,4710,MALE,NA,M,1,11.23333333,179
239,K,11,29/08/2018,11.47,1.860832675,0.392765851,11,4405,12115,MALE,38.2,M,1,11.26666667,280
240,K,11,30/08/2018,12.6,1.917856009,0.352058162,4,4591,11320,MALE,27.9,M,1,11.3,167
241,K,11,31/08/2018,10.64,2.087912512,0.394151432,4,5410,6208,MALE,NA,M,1,11.31666667,258
242,K,11,01/09/2018,13.02,3.292917372,0.342892785,3,3497,6347,MALE,31.3,M,1,11.36666667,285
243,K,11,02/09/2018,8.72,1.401924562,0.529247733,6,3946,3174,MALE,32.8,M,1,11.4,126
244,K,11,03/09/2018,12.48,4.395667802,0.324628967,3,3410,6537,MALE,NA,M,1,11.41666667,249
245,K,11,04/09/2018,11.33,1.206411168,0.381797003,21,4032,4566,MALE,NA,M,1,11.46666667,430
246,K,11,05/09/2018,10.21,1.068321285,0.450720281,39,3559,7592,MALE,NA,M,1,11.5,385
247,K,11,06/09/2018,13.9,2.569593343,0.360372072,3,4660,4810,MALE,NA,M,1,11.51666667,169
248,K,11,07/09/2018,14.26,2.340473431,0.358366934,4,6948,5364,MALE,NA,M,1,11.56666667,268
249,K,9,08/09/2018,9.73,2.267737226,0.374562568,3,4600,2445,MALE,37.8,M,1,11.6,136
250,K,9,09/09/2018,8.52,2.23840285,0.414623596,3,8150,6791,MALE,35.4,M,1,11.61666667,77
251,K,6,10/09/2018,13.04,3.81041586,0.365412267,2,4370,5427,MALE,NA,M,1,11.66666667,19
252,K,5,11/09/2018,6.63,2.709393478,0.401282846,2,5782,3635,MALE,NA,M,1,11.7,31
253,KY,7,26/07/2018,8.86,3.467701733,0.315294284,4,NA,NA,ACYC,62.8,F,0.72222222,10.28333333,49
254,KY,7,27/07/2018,12.93,7.285157394,0.141597192,2,6647,1363,ACYC,NA,F,0.72222222,10.31666667,82
255,KY,7,28/07/2018,10.76,4.349439269,0.312192004,3,3959,1754,ACYC,NA,F,0.72222222,10.35,77
256,KY,7,29/07/2018,10.16,3.356525523,0.399455651,3,7553,3153,ACYC,NA,F,0.72222222,10.35,83
257,KY,10,30/07/2018,11.65,5.964663768,0.33562887,2,5894,2098,ACYC,NA,F,0.72222222,10.38333333,151
258,KY,10,31/07/2018,10.65,2.20039629,0.327037781,5,11085,3871,ACYC,NA,F,0.72222222,10.41666667,302
259,KY,10,01/08/2018,8.41,1.237802655,0.486789413,6,10931,4151,ACYC,NA,F,0.72222222,10.43333333,155
260,KY,13,02/08/2018,10.95,6.245669761,0.45433796,2,7391,1972,ACYC,46.7,F,0.72222222,10.46666667,149
261,KY,13,03/08/2018,11.35,1.156923754,0.346611759,12,15228,3334,ACYC,NA,F,0.72222222,10.48333333,406
262,KY,13,04/08/2018,9.67,3.864809779,0.339357494,2.5,8076,2637,ACYC,NA,F,0.72222222,10.51666667,252
263,KY,13,05/08/2018,9.01,1.138093495,0.422877699,7,10733,3821,ACYC,33.1,F,0.72222222,10.53333333,193
264,KY,13,06/08/2018,8.7,2.404459437,0.373306557,4,2970,4076,ACYC,35,F,0.72222222,10.56666667,325
265,KY,13,07/08/2018,11.17,2.268785243,0.277052607,4,7416,3019,ACYC,NA,F,0.72222222,10.6,229
266,KY,13,08/08/2018,11.13,2.243586581,0.443549382,3,10621,1814,ACYC,39.6,F,0.72222222,10.61666667,247
267,KY,13,09/08/2018,10.47,2.711137301,0.352667399,3,10505,1641,ACYC,NA,F,0.72222222,10.65,199
268,KY,13,10/08/2018,10.91,6.830580473,0.305238461,2,7379,950,ACYC,NA,F,0.72222222,10.68333333,156
269,KY,12,11/08/2018,NA,5.860394299,0.306399672,2,8665,3358,ACYC,NA,F,0.72222222,10.7,NA
270,KY,13,12/08/2018,11.55,1.991447721,0.369690404,6,9438,3339,ACYC,38,F,0.72222222,10.73333333,198
271,KY,13,13/08/2018,13.27,3.237100209,0.489810091,3,8227,2625,ACYC,42.9,F,0.72222222,10.76666667,106
272,KY,13,14/08/2018,8.87,1.453565046,0.52576682,12,13738,5816,ACYC,NA,F,0.72222222,10.8,416
273,KY,13,15/08/2018,11.83,1.519124093,0.338770288,6.5,11248,4919,ACYC,50.5,F,0.72222222,10.81666667,266
274,KY,12,16/08/2018,12.21,1.01603042,0.296250076,8,9255,2376,ACYC,35.6,F,0.72222222,10.85,146
275,KY,12,17/08/2018,10.26,2.558165944,0.394286629,3,10743,3185,ACYC,NA,F,0.72222222,10.88333333,199
276,KY,12,18/08/2018,7.22,3.540261404,0.387239523,3,7625,1694,ACYC,41.5,F,0.72222222,10.9,203
277,KY,12,19/08/2018,9.86,3.341952312,0.365612551,3,10416,2618,ACYC,35.5,F,0.72222222,10.95,213
278,KY,12,20/08/2018,11.68,3.807674566,0.322643361,3,7320,3139,ACYC,39.2,F,0.72222222,10.98333333,229
279,KY,12,21/08/2018,9.98,1.144134675,0.414119386,5,12511,2394,ACYC,NA,F,0.72222222,11,176
280,KY,12,22/08/2018,11.49,2.636060199,0.368924185,4,10892,1798,ACYC,50.2,F,0.72222222,11.03333333,240
281,KY,12,23/08/2018,9.03,2.665983624,0.379269508,3,8613,3627,ACYC,NA,F,0.72222222,11.06666667,158
282,KY,12,24/08/2018,10.46,3.706336422,0.386408151,3,10609,3287,ACYC,35,F,0.72222222,11.1,115
283,KY,12,25/08/2018,8.79,1.382374638,0.390848098,4,8145,2677,ACYC,NA,F,0.72222222,11.13333333,216
284,KY,11,26/08/2018,12.24,5.245150396,0.297993063,2,7171,1886,ACYC,98.7,F,0.72222222,11.16666667,210
285,KY,11,27/08/2018,11.08,1.193123481,0.381732988,25,13414,5494,ACYC,51.5,F,0.72222222,11.2,386
286,KY,11,28/08/2018,10.53,2.401553585,0.360757155,3,6440,2432,ACYC,NA,F,0.72222222,11.23333333,152
287,KY,11,29/08/2018,9.39,1.489639224,0.425774342,7,12691,5330,ACYC,NA,F,0.72222222,11.26666667,276
288,KY,11,30/08/2018,11.43,4.273329745,0.318804609,3,10899,2705,ACYC,59.5,F,0.72222222,11.3,90
289,KY,11,31/08/2018,8.85,3.117375871,0.504007035,4,9213,3313,ACYC,NA,F,0.72222222,11.31666667,197
290,KY,11,01/09/2018,9.64,2.137527012,0.412207713,5,10803,4173,ACYC,NA,F,0.72222222,11.36666667,240
291,KY,11,02/09/2018,9.22,2.193117237,0.417205864,4,5628,2073,ACYC,NA,F,0.72222222,11.4,179
292,KY,11,03/09/2018,12.61,4.580978351,0.323491161,2,8263,5754,ACYC,NA,F,0.72222222,11.41666667,304
293,KY,11,04/09/2018,8.57,1.005670411,0.374662556,11,12121,2690,ACYC,35.5,F,0.72222222,11.46666667,391
294,KY,11,05/09/2018,10.92,1.003386834,0.409423826,15,11809,5660,ACYC,48.4,F,0.72222222,11.5,393
295,KY,11,06/09/2018,11.92,4.845324955,0.367020721,2,8557,779,ACYC,33.3,F,0.72222222,11.51666667,114
296,KY,11,07/09/2018,NA,1.957009596,0.467484822,4,9463,4285,ACYC,NA,F,0.72222222,11.56666667,52
297,L,13,02/08/2018,6.65,8.451687767,0.27746936,1,NA,NA,ACYC,34.2,F,0.27777778,10.46666667,77
298,L,13,03/08/2018,9.45,1.220015762,0.360612402,8,3627,3581,ACYC,NA,F,0.27777778,10.48333333,328
299,L,13,04/08/2018,10.49,5.744095947,0.355845649,2,3720,2760,ACYC,32.6,F,0.27777778,10.51666667,208
300,L,13,05/08/2018,9.95,1.860533553,0.426349865,4,3648,5103,ACYC,26.6,F,0.27777778,10.53333333,247
301,L,13,06/08/2018,9.64,3.074155255,0.399605117,4,1798,5638,ACYC,NA,F,0.27777778,10.56666667,124
302,L,13,07/08/2018,13.7,5.768186109,0.379758685,2,2709,1562,ACYC,NA,F,0.27777778,10.6,160
303,L,13,08/08/2018,9.06,3.605843364,0.415054895,3,7128,4540,ACYC,NA,F,0.27777778,10.61666667,157
304,L,13,09/08/2018,10.32,4.98408077,0.350832405,2,7229,1624,ACYC,NA,F,0.27777778,10.65,242
305,L,13,10/08/2018,10.86,5.662562318,0.303592388,2,6148,1826,ACYC,NA,F,0.27777778,10.68333333,148
306,L,12,11/08/2018,NA,5.931841574,0.329078759,2,5271,1857,ACYC,32.45,F,0.27777778,10.7,NA
307,L,13,12/08/2018,9.74,2.216091226,0.289959372,18,3319,3259,ACYC,NA,F,0.27777778,10.73333333,51
308,L,13,13/08/2018,10.39,1.621261437,0.857704117,6,7341,3109,ACYC,NA,F,0.27777778,10.76666667,164
309,L,13,14/08/2018,7.84,1.4765009,0.545209931,6,7505,4478,ACYC,NA,F,0.27777778,10.8,284
310,L,13,15/08/2018,9.17,1.802482366,0.589675851,14,5756,2930,ACYC,NA,F,0.27777778,10.81666667,0
311,L,12,16/08/2018,10.31,1.837261504,0.369407789,6,5171,3784,ACYC,68,F,0.27777778,10.85,327
312,L,12,17/08/2018,11.93,4.619284617,0.273502983,2,5883,4240,ACYC,NA,F,0.27777778,10.88333333,285
313,L,12,18/08/2018,7.5,3.332926052,0.394071545,3,5775,2286,ACYC,NA,F,0.27777778,10.9,187
314,L,12,19/08/2018,9.69,4.606406941,0.351641183,2,7392,2981,ACYC,NA,F,0.27777778,10.95,192
315,L,12,20/08/2018,11.36,4.33057935,0.3264191,2,6837,2858,ACYC,NA,F,0.27777778,10.98333333,176
316,L,12,21/08/2018,9.14,1.515156473,0.479229576,4,5935,3191,ACYC,NA,F,0.27777778,11,107
317,L,12,22/08/2018,11.04,3.026338396,0.642042251,7,3651,4965,ACYC,34.45,F,0.27777778,11.03333333,378
318,L,12,23/08/2018,7.55,2.584235899,0.337023773,4,7674,2570,ACYC,NA,F,0.27777778,11.06666667,233
319,L,12,24/08/2018,9.99,4.224099962,0.373543679,2,5813,2545,ACYC,30,F,0.27777778,11.1,132
320,L,12,25/08/2018,9.05,1.708626934,0.425325078,4,3377,4493,ACYC,NA,F,0.27777778,11.13333333,210
321,LU,7,26/07/2018,9.1,2.034593056,0.287284893,4,NA,NA,ACYC,NA,F,0.77777778,10.28333333,26
322,LU,7,27/07/2018,12.9,7.771744461,0.270114318,2,8756,1072,ACYC,NA,F,0.77777778,10.31666667,60
323,LU,7,28/07/2018,10.79,5.536555304,0.318631659,2,4928,1543,ACYC,33.2,F,0.77777778,10.35,107
324,LU,7,29/07/2018,9.01,3.897781556,0.395113987,3,6609,1940,ACYC,NA,F,0.77777778,10.35,73
325,LU,10,30/07/2018,11.51,7.665374361,0.325094718,2,5398,1723,ACYC,NA,F,0.77777778,10.38333333,171
326,LU,10,31/07/2018,11.93,2.250055791,0.352970728,7,10201,4393,ACYC,NA,F,0.77777778,10.41666667,270
327,LU,10,01/08/2018,8.1,0.923662961,0.451266721,6,11927,4589,ACYC,NA,F,0.77777778,10.43333333,220
328,LU,13,02/08/2018,9.69,5.491191907,0.665871385,2,8488,2868,ACYC,NA,F,0.77777778,10.46666667,209
329,LU,13,03/08/2018,8.81,1.142286804,0.333205652,12,11774,4759,ACYC,NA,F,0.77777778,10.48333333,387
330,LU,13,04/08/2018,9.69,4.066475797,0.367938786,2.5,6384,2805,ACYC,NA,F,0.77777778,10.51666667,261
331,LU,13,05/08/2018,9.11,1.00339278,0.439190445,8,9831,4421,ACYC,40.3,F,0.77777778,10.53333333,226
332,LU,13,06/08/2018,9.19,2.017165078,0.391241445,3,4721,1985,ACYC,NA,F,0.77777778,10.56666667,259
333,LU,13,07/08/2018,12.77,4.442112556,0.316905007,2,7045,1483,ACYC,NA,F,0.77777778,10.6,281
334,LU,13,08/08/2018,10.09,3.409366848,0.415091884,3,11015,3288,ACYC,49.4,F,0.77777778,10.61666667,225
335,LU,13,09/08/2018,10.35,4.6299822,0.36183391,2,8864,2454,ACYC,NA,F,0.77777778,10.65,153
336,LU,13,10/08/2018,9.89,5.882373612,0.329410762,2,7737,1728,ACYC,NA,F,0.77777778,10.68333333,131
337,LU,12,11/08/2018,NA,5.997632503,0.315301869,2,7353,2918,ACYC,61,F,0.77777778,10.7,NA
338,LU,13,12/08/2018,11.47,2.360442907,0.449631734,6,8623,5024,ACYC,NA,F,0.77777778,10.73333333,133
339,LU,13,13/08/2018,9.66,1.847400695,0.573463226,4,8080,2240,ACYC,71.2,F,0.77777778,10.76666667,136
340,LU,13,14/08/2018,7.64,1.003380454,0.520457889,14,16902,5361,ACYC,131.1,F,0.77777778,10.8,292
341,LU,13,15/08/2018,9.33,1.381479456,0.27379933,5,10890,5503,ACYC,NA,F,0.77777778,10.81666667,217
342,LU,12,16/08/2018,8.82,0.929859336,0.296818414,23,10421,4895,ACYC,NA,F,0.77777778,10.85,162
343,LU,12,17/08/2018,9.84,3.240517924,0.395983254,2,9448,2562,ACYC,NA,F,0.77777778,10.88333333,128
344,LU,12,18/08/2018,7.4,2.349568253,0.414452691,3,8472,2473,ACYC,41.9,F,0.77777778,10.9,179
345,LU,12,19/08/2018,10.42,4.548559054,0.352175607,2,9674,2306,ACYC,NA,F,0.77777778,10.95,230
346,LU,12,20/08/2018,11.88,3.657935191,0.31754124,2,8916,1969,ACYC,NA,F,0.77777778,10.98333333,133
347,LU,12,21/08/2018,10.05,1.493134989,0.486788745,5,12073,3108,ACYC,NA,F,0.77777778,11,169
348,LU,12,22/08/2018,8.64,1.125385945,0.389981934,8,12367,3237,ACYC,59.2,F,0.77777778,11.03333333,160
349,LU,12,23/08/2018,6.94,1.000790419,0.35535617,9.5,11185,2870,ACYC,NA,F,0.77777778,11.06666667,66
350,LU,12,24/08/2018,10.19,3.630018867,0.380929792,3,11392,3502,ACYC,NA,F,0.77777778,11.1,115
351,LU,12,25/08/2018,8.97,1.738698246,0.426046812,4,7873,4579,ACYC,NA,F,0.77777778,11.13333333,225
352,LU,11,26/08/2018,11.75,6.297359465,0.316676314,1,4027,1290,ACYC,NA,F,0.77777778,11.16666667,202
353,LU,11,27/08/2018,9.33,0.954177882,0.400548583,15,9618,6436,ACYC,NA,F,0.77777778,11.2,335
354,LU,11,28/08/2018,10.89,3.108427762,0.402830496,3,7624,3540,ACYC,NA,F,0.77777778,11.23333333,206
355,LU,11,29/08/2018,8.42,1.206426714,0.413918577,7.5,16071,3401,ACYC,NA,F,0.77777778,11.26666667,162
356,LU,11,30/08/2018,10.15,3.066180429,0.362430758,3,10377,4571,ACYC,50.8,F,0.77777778,11.3,164
357,LU,11,31/08/2018,11.43,4.023039433,0.391824085,3,10568,2151,ACYC,NA,F,0.77777778,11.31666667,181
358,LU,11,01/09/2018,10.14,2.830053974,0.414709344,3,12821,2667,ACYC,NA,F,0.77777778,11.36666667,229
359,LU,11,02/09/2018,9.09,1.338105611,0.529117034,5,7905,1294,ACYC,NA,F,0.77777778,11.4,125
360,LU,11,03/09/2018,11.47,5.052576471,0.320488221,2,9746,3187,ACYC,NA,F,0.77777778,11.41666667,12
361,LU,11,04/09/2018,8.33,1.129410658,0.38266563,13,9680,4768,ACYC,NA,F,0.77777778,11.46666667,359
362,LU,11,05/09/2018,8.42,0.922801892,0.458584597,19,12970,6818,ACYC,50.8,F,0.77777778,11.5,302
363,LU,11,06/09/2018,10.24,4.339212417,0.395881774,2,9243,2879,ACYC,47.6,F,0.77777778,11.51666667,137
364,LU,11,07/09/2018,9.6,1.786112218,0.44130265,5,10790,3459,ACYC,NA,F,0.77777778,11.56666667,279
365,LU,9,08/09/2018,7.96,3.588021219,0.39850678,2,5643,1627,ACYC,43.5,F,0.77777778,11.6,164
366,LU,9,09/09/2018,5.27,2.964556504,0.407197192,3,14005,3834,ACYC,NA,F,0.77777778,11.61666667,32
367,N,7,26/07/2018,7.95,4.916038294,0.298067047,4,NA,NA,PREG,42.8,F,0.55555556,10.28333333,79
368,N,7,27/07/2018,11.59,4.686021618,0.283340266,2,8155,3531,PREG,NA,F,0.55555556,10.31666667,62
369,N,7,28/07/2018,12.46,5.089910696,0.303882545,3,6230,3743,PREG,NA,F,0.55555556,10.35,74
370,N,7,29/07/2018,13.54,3.709454687,0.41618682,2,7118,4957,PREG,58.8,F,0.55555556,10.35,251
371,N,10,30/07/2018,11.17,1.21996744,0.426735957,13,6507,7230,PREG,NA,F,0.55555556,10.38333333,27
372,N,10,31/07/2018,13.92,5.405307411,0.514476527,4,6559,6567,PREG,NA,F,0.55555556,10.41666667,204
373,N,10,01/08/2018,12.12,1.414683701,0.343039458,6,9492,5669,PREG,NA,F,0.55555556,10.43333333,250
374,N,13,02/08/2018,12.12,6.182208882,0.418324614,2,6366,3814,PREG,NA,F,0.55555556,10.46666667,155
375,N,13,03/08/2018,9.64,1.046570316,0.319962142,16,6733,12130,PREG,NA,F,0.55555556,10.48333333,262
376,N,13,04/08/2018,9.3,3.96057631,0.331753886,2,6689,3709,PREG,NA,F,0.55555556,10.51666667,168
377,N,13,05/08/2018,11.39,1.131394315,0.370034786,9.5,7469,8992,PREG,NA,F,0.55555556,10.53333333,190
378,N,13,06/08/2018,10.26,1.630567383,0.641535639,32,5485,10174,PREG,NA,F,0.55555556,10.56666667,356
379,N,13,07/08/2018,10.93,1.86966156,0.334087554,3,7118,4760,PREG,NA,F,0.55555556,10.6,162
380,N,13,08/08/2018,8.93,2.045842219,0.383629755,4,10831,5167,PREG,NA,F,0.55555556,10.61666667,204
381,N,13,09/08/2018,11.29,4.7067895,0.318438398,2,8878,3252,PREG,43.6,F,0.55555556,10.65,211
382,N,13,10/08/2018,10.3,4.188399394,0.307255856,2,9809,2978,PREG,NA,F,0.55555556,10.68333333,152
383,N,12,11/08/2018,NA,6.241524988,0.294912296,2,6014,5801,PREG,NA,F,0.55555556,10.7,NA
384,N,13,12/08/2018,16.97,4.261171284,0.421456606,8,6099,8842,PREG,34.4,F,0.55555556,10.73333333,325
385,N,13,13/08/2018,9.37,1.204910124,0.362898306,20,6985,6091,PREG,35.75,F,0.55555556,10.76666667,373
386,N,13,14/08/2018,8.53,1.29196899,0.592817238,9,9931,8686,PREG,NA,F,0.55555556,10.8,349
387,N,13,15/08/2018,NA,1.780281025,0.320899517,5,10495,5529,PREG,NA,F,0.55555556,10.81666667,155
388,NI,7,26/07/2018,8.19,1.397375035,0.30835518,6,NA,NA,PREG,NA,F,0.66666667,10.28333333,23
389,NI,7,27/07/2018,12.33,5.822515378,0.276428089,2,1731,2116,PREG,NA,F,0.66666667,10.31666667,89
390,NI,7,28/07/2018,10.77,3.643052558,0.311045222,3,3155,1639,CYC,35.5,F,0.66666667,10.35,108
391,NI,7,29/07/2018,11.92,9.103241691,0.298091217,1,3027,2253,PREG,NA,F,0.66666667,10.35,248
392,NI,10,30/07/2018,12.15,1.142321971,0.410569283,9,3877,2157,PREG,NA,F,0.66666667,10.38333333,238
393,NI,10,31/07/2018,10.66,2.266939847,0.78803109,5,3285,2223,PREG,NA,F,0.66666667,10.41666667,182
394,NI,10,01/08/2018,11.6,1.295905617,0.677924621,7.5,8440,1447,CYC,48.1,F,0.66666667,10.43333333,193
395,NI,13,02/08/2018,11.41,6.501496618,0.513304234,2,3933,740,CYC,41.1,F,0.66666667,10.46666667,102
396,NI,13,03/08/2018,11.03,1.625079052,0.284823764,10,3589,10279,PREG,NA,F,0.66666667,10.48333333,406
397,NI,13,04/08/2018,10.42,5.102908549,0.3480992,2,4127,1443,PREG,NA,F,0.66666667,10.51666667,135
398,NI,13,05/08/2018,10.09,2.017907822,0.423592092,6,5557,4801,PREG,NA,F,0.66666667,10.53333333,166
399,NI,13,06/08/2018,10.66,1.988766421,0.629308723,28,4314,6986,CYC,44.9,F,0.66666667,10.56666667,432
400,NI,13,07/08/2018,11.38,1.707103378,0.403889453,3,3552,2193,PREG,NA,F,0.66666667,10.6,211
401,NI,13,08/08/2018,11.2,2.236430333,0.413410945,4,5642,3554,CYC,50.6,F,0.66666667,10.61666667,201
402,NI,13,09/08/2018,11.55,3.697466446,0.36357811,2,4602,1705,PREG,NA,F,0.66666667,10.65,199
403,NI,13,10/08/2018,10.2,4.82297946,0.304890412,2,3643,1532,PREG,NA,F,0.66666667,10.68333333,154
404,NI,12,11/08/2018,NA,7.802208368,0.285200848,2,4362,1781,CYC,47.9,F,0.66666667,10.7,NA
405,NI,13,12/08/2018,14.03,2.982298653,0.488688733,7,6195,5050,PREG,NA,F,0.66666667,10.73333333,119
406,NI,13,13/08/2018,9.56,1.305455502,0.330005175,14,5105,4024,PREG,NA,F,0.66666667,10.76666667,292
407,NI,13,14/08/2018,8.3,1.4694975,0.470334062,5,6111,4511,CYC,51.5,F,0.66666667,10.8,189
408,NI,13,15/08/2018,11.11,1.837042737,0.37722532,4,5458,2369,CYC,49.6,F,0.66666667,10.81666667,229
409,NI,12,16/08/2018,12.28,1.238811157,0.351287022,5,3287,2150,CYC,44.2,F,0.66666667,10.85,267
410,NI,12,17/08/2018,10.6,2.936565448,0.357618507,3,5048,3107,CYC,NA,F,0.66666667,10.88333333,133
411,NI,12,18/08/2018,7.7,1.950475452,0.399192813,3,5820,1871,CYC,NA,F,0.66666667,10.9,136
412,NI,12,19/08/2018,9.98,2.592944988,0.365425543,3,4312,3822,CYC,47.8,F,0.66666667,10.95,160
413,NI,12,20/08/2018,12.43,2.356273153,0.319384521,4,5687,1921,CYC,42.2,F,0.66666667,10.98333333,188
414,NI,12,21/08/2018,8.26,1.620493897,0.288733466,6,5364,3774,CYC,NA,F,0.66666667,11,183
415,NI,12,22/08/2018,11.01,1.315700909,0.223193991,6,6655,2012,CYC,33.2,F,0.66666667,11.03333333,305
416,NI,12,23/08/2018,7.23,1.11088541,0.404876067,5,7246,3063,CYC,NA,F,0.66666667,11.06666667,236
417,NI,12,24/08/2018,10.6,2.688914303,0.339355202,3,4787,3656,CYC,NA,F,0.66666667,11.1,167
418,NI,12,25/08/2018,18.04,1.305444533,0.422151209,28,3630,7271,CYC,NA,F,0.66666667,11.13333333,254
419,NI,11,26/08/2018,11.29,3.02751616,0.387392244,2,4099,1847,CYC,38.4,F,0.66666667,11.16666667,207
420,NI,11,27/08/2018,11.16,1.366146767,0.384216311,19,5356,5738,CYC,NA,F,0.66666667,11.2,317
421,NI,11,28/08/2018,11.62,2.581355375,0.329335868,4,3797,2365,CYC,NA,F,0.66666667,11.23333333,158
422,NI,11,29/08/2018,9.91,1.022618129,0.395109849,9,8697,3088,CYC,NA,F,0.66666667,11.26666667,198
423,NI,11,30/08/2018,9.85,1.110567776,0.507899322,6,3973,2112,CYC,46,F,0.66666667,11.3,156
424,NI,11,31/08/2018,9.08,1.581154541,0.439063928,5,5957,3567,CYC,NA,F,0.66666667,11.31666667,187
425,NI,11,01/09/2018,11.13,2.759562127,0.349968671,3.5,7018,2342,CYC,NA,F,0.66666667,11.36666667,199
426,NI,11,02/09/2018,10.75,1.245079939,0.510433954,7,3475,1020,CYC,NA,F,0.66666667,11.4,172
427,NI,11,03/09/2018,12.33,3.743854122,0.30381859,2,5107,2505,CYC,44.5,F,0.66666667,11.41666667,191
428,NI,11,04/09/2018,8.28,1.133402895,0.384174805,15,6583,4593,CYC,NA,F,0.66666667,11.46666667,265
429,NI,11,05/09/2018,11.02,1.284398386,0.500935947,11,6677,6256,CYC,NA,F,0.66666667,11.5,312
430,NI,11,06/09/2018,11.12,1.491442566,1.039987326,11,3380,3361,CYC,61,F,0.66666667,11.51666667,192
431,NI,11,07/09/2018,9.89,1.098630155,0.426811626,6,6553,4772,CYC,NA,F,0.66666667,11.56666667,162
432,NI,9,08/09/2018,8.13,1.70808041,0.375618246,4,3278,942,CYC,29.3,F,0.66666667,11.6,103
433,NI,9,09/09/2018,NA,1.663770556,0.41001485,6,5341,2451,CYC,NA,F,0.66666667,11.61666667,82
434,S,10,30/07/2018,8.19,5.533661592,0.315581563,2,NA,NA,MALE,55.6,M,0.94444444,10.38333333,69
435,S,10,31/07/2018,14.01,2.772771526,0.298908261,4,1272,5133,MALE,NA,M,0.94444444,10.41666667,253
436,S,10,01/08/2018,10.7,2.08723002,0.334788927,5,2001,5954,MALE,NA,M,0.94444444,10.43333333,154
437,S,13,02/08/2018,13.48,3.449094467,0.324039535,3,1962,3434,MALE,43.1,M,0.94444444,10.46666667,163
438,S,13,03/08/2018,10.52,1.310862065,0.317226897,10,1645,9782,MALE,NA,M,0.94444444,10.48333333,373
439,S,13,04/08/2018,10.34,1.919478257,0.34634921,4,1263,3789,MALE,NA,M,0.94444444,10.51666667,249
440,S,13,05/08/2018,9.69,1.129249834,0.246748837,8,2121,4705,MALE,35,M,0.94444444,10.53333333,170
441,S,13,06/08/2018,17.57,4.431298558,0.269569918,4,2029,2749,MALE,37.2,M,0.94444444,10.56666667,195
442,S,13,07/08/2018,13.48,1.489654468,0.345069552,4,2072,2747,MALE,62.2,M,0.94444444,10.6,150
443,S,13,08/08/2018,12.24,1.915913155,0.320292223,5,3338,6174,MALE,NA,M,0.94444444,10.61666667,271
444,S,13,09/08/2018,11.56,2.317495723,0.330428996,3,3617,2917,MALE,34,M,0.94444444,10.65,272
445,S,13,10/08/2018,11.75,3.4141315,0.279974521,3,4263,2467,MALE,NA,M,0.94444444,10.68333333,153
446,S,12,11/08/2018,NA,5.82781629,0.279803648,2,2302,4170,MALE,NA,M,0.94444444,10.7,NA
447,S,13,12/08/2018,15.68,2.287619813,0.292019949,8,3531,8700,MALE,27.2,M,0.94444444,10.73333333,211
448,S,13,13/08/2018,14.76,1.762997434,0.316770842,4.5,2420,2227,MALE,43.7,M,0.94444444,10.76666667,112
449,S,13,14/08/2018,11.16,1.666295101,0.357202717,8,4007,7190,MALE,NA,M,0.94444444,10.8,222
450,S,13,15/08/2018,10.77,1.774387803,0.354336004,6,3310,6300,MALE,NA,M,0.94444444,10.81666667,262
451,S,12,16/08/2018,15.8,2.775285475,0.267905543,3,2330,886,MALE,40,M,0.94444444,10.85,171
452,S,12,17/08/2018,11.12,2.379510531,0.352020965,3,3649,5821,MALE,NA,M,0.94444444,10.88333333,203
453,S,12,18/08/2018,9.46,1.722872986,0.390735172,4,2571,4543,MALE,41.6,M,0.94444444,10.9,182
454,S,12,19/08/2018,12.62,2.692660783,0.276394522,3,3217,5179,MALE,33.5,M,0.94444444,10.95,196
455,S,12,20/08/2018,13.52,1.446140876,0.308967843,5,2586,4466,MALE,NA,M,0.94444444,10.98333333,150
456,S,12,21/08/2018,11.35,1.828370801,0.276286865,7,2625,4002,MALE,NA,M,0.94444444,11,218
457,S,12,22/08/2018,13.12,2.729510206,0.290607519,3,2884,4373,MALE,41.5,M,0.94444444,11.03333333,297
458,S,12,23/08/2018,8.04,1.238543768,0.462049509,6,4470,5495,MALE,NA,M,0.94444444,11.06666667,234
459,S,12,24/08/2018,11.83,2.995617744,0.338553067,3,4384,3993,MALE,NA,M,0.94444444,11.1,177
460,S,12,25/08/2018,11.58,2.009793936,0.335819159,4,2551,2858,MALE,NA,M,0.94444444,11.13333333,201
461,S,11,26/08/2018,11.46,3.004351162,0.460275193,3,2972,1840,MALE,NA,M,0.94444444,11.16666667,159
462,S,11,27/08/2018,14.08,2.1400631,0.359468647,16,3671,7541,MALE,33.1,M,0.94444444,11.2,472
463,S,11,28/08/2018,12.05,1.777607636,0.328880263,4,3093,2591,MALE,NA,M,0.94444444,11.23333333,132
464,S,11,29/08/2018,11.07,2.270871364,0.40767376,5,3452,6533,MALE,50.6,M,0.94444444,11.26666667,193
465,S,11,30/08/2018,10.98,1.333245974,0.415085233,6,3686,3342,MALE,51.1,M,0.94444444,11.3,142
466,S,11,31/08/2018,10.24,1.664420657,0.383842558,6,4336,6389,MALE,NA,M,0.94444444,11.31666667,234
467,S,11,01/09/2018,12.2,2.376519018,0.348447568,4,3201,5952,MALE,36.6,M,0.94444444,11.36666667,264
468,S,11,02/09/2018,13.31,1.584445688,0.344666854,5,3645,3057,MALE,42.3,M,0.94444444,11.4,170
469,S,11,03/09/2018,15.27,3.798446602,0.224874308,3,3527,3915,MALE,NA,M,0.94444444,11.41666667,267
470,S,11,04/09/2018,13.09,NA,NA,NA,NA,NA,MALE,NA,M,0.94444444,11.46666667,361
471,S,11,05/09/2018,11.75,NA,NA,NA,NA,NA,MALE,52.4,M,0.94444444,11.5,401
472,S,11,06/09/2018,5.64,NA,NA,NA,NA,NA,MALE,39.9,M,0.94444444,11.51666667,50
473,S,11,07/09/2018,NA,NA,NA,NA,NA,NA,MALE,NA,M,0.94444444,11.56666667,21
474,S,9,08/09/2018,5.65,NA,NA,NA,NA,NA,MALE,49.1,M,0.94444444,11.6,83
475,S,9,09/09/2018,7.66,NA,NA,NA,NA,NA,MALE,NA,M,0.94444444,11.61666667,92
476,S,6,10/09/2018,NA,NA,NA,NA,NA,NA,MALE,NA,M,0.94444444,11.66666667,10
477,SU,13,02/08/2018,10.64,8.634982573,0.214890709,2,NA,NA,CYC,NA,F,0.11111111,10.46666667,117
478,SU,13,03/08/2018,10.2,1.146888935,0.353771315,15,NA,NA,CYC,NA,F,0.11111111,10.48333333,342
479,SU,13,04/08/2018,12.06,5.16199991,0.354841686,3,NA,NA,CYC,NA,F,0.11111111,10.51666667,238
480,SU,13,05/08/2018,10.9,1.703249056,0.407343261,6,NA,NA,CYC,23.9,F,0.11111111,10.53333333,240
481,SU,13,06/08/2018,17.71,9.177665466,0.352590947,2,NA,NA,CYC,NA,F,0.11111111,10.56666667,287
482,SU,13,07/08/2018,11.91,3.470673463,0.40037977,4,NA,NA,CYC,NA,F,0.11111111,10.6,162
483,SU,13,08/08/2018,10.3,2.99543731,0.403438197,4,NA,NA,CYC,NA,F,0.11111111,10.61666667,188
484,SU,13,09/08/2018,11.43,5.293004615,0.350582376,2,NA,NA,CYC,NA,F,0.11111111,10.65,178
485,SU,13,10/08/2018,10.39,6.540114739,0.314979597,2,NA,NA,CYC,NA,F,0.11111111,10.68333333,135
486,SU,12,11/08/2018,NA,8.608885634,0.279355708,2,NA,NA,CYC,38.1,F,0.11111111,10.7,NA
487,SU,13,12/08/2018,10.79,1.442668771,0.323851902,9,NA,NA,CYC,NA,F,0.11111111,10.73333333,82
488,SU,13,13/08/2018,11.45,1.051925509,0.375948305,7,NA,NA,CYC,40.9,F,0.11111111,10.76666667,126
489,SU,13,14/08/2018,8.93,1.530617266,0.496602237,9.5,NA,NA,CYC,45.8,F,0.11111111,10.8,211
490,SU,13,15/08/2018,9.37,1.527762421,0.378629635,6,NA,NA,CYC,36,F,0.11111111,10.81666667,144
491,SU,12,16/08/2018,14.5,2.598603807,0.214874026,4,NA,NA,CYC,NA,F,0.11111111,10.85,198
492,SU,12,17/08/2018,11.74,2.007031928,0.328815631,5,NA,NA,CYC,NA,F,0.11111111,10.88333333,166
493,SU,12,18/08/2018,7.65,2.781520812,0.402536086,3,NA,NA,CYC,NA,F,0.11111111,10.9,179
494,SU,12,19/08/2018,11.02,4.006149492,0.317698303,3,NA,NA,CYC,NA,F,0.11111111,10.95,259
495,SU,12,20/08/2018,12.05,3.255315368,0.289882252,4,NA,NA,CYC,30.9,F,0.11111111,10.98333333,220
496,SU,12,21/08/2018,12.49,1.962310982,0.406024563,5,NA,NA,CYC,NA,F,0.11111111,11,107
497,SU,12,22/08/2018,13.09,2.429603862,0.339553177,4,NA,NA,CYC,32.9,F,0.11111111,11.03333333,149
498,SU,12,23/08/2018,7.58,1.667792033,0.382076378,5,NA,NA,CYC,NA,F,0.11111111,11.06666667,181
499,SU,12,24/08/2018,10.09,3.558532814,0.374414015,3,NA,NA,CYC,NA,F,0.11111111,11.1,132
500,SU,12,25/08/2018,9.76,1.755090109,0.384575871,5,NA,NA,CYC,NA,F,0.11111111,11.13333333,202
501,SU,11,26/08/2018,12.31,5.11797636,0.417450789,2,NA,NA,CYC,NA,F,0.11111111,11.16666667,134
502,SU,11,27/08/2018,10.6,1.426969817,0.393057071,9,NA,NA,CYC,NA,F,0.11111111,11.2,274
503,SU,11,28/08/2018,11.01,3.350851172,0.346094248,3,NA,NA,CYC,NA,F,0.11111111,11.23333333,80
504,SU,11,29/08/2018,11.46,1.279231259,0.298494416,9,NA,NA,CYC,NA,F,0.11111111,11.26666667,205
505,SU,11,30/08/2018,12.78,1.476285802,0.418963632,4,NA,NA,CYC,32,F,0.11111111,11.3,151
506,SU,11,31/08/2018,9.24,2.770932626,0.427694145,4,NA,NA,CYC,NA,F,0.11111111,11.31666667,173
507,SU,11,01/09/2018,10.23,2.342691125,0.391904886,4,NA,NA,CYC,22.7,F,0.11111111,11.36666667,105
508,SU,11,02/09/2018,9.79,1.507695758,0.403749282,4,NA,NA,CYC,NA,F,0.11111111,11.4,76
509,SU,11,03/09/2018,13.15,5.872493119,0.29172636,2,NA,NA,CYC,NA,F,0.11111111,11.41666667,148
510,SU,11,04/09/2018,9.39,1.155623145,0.367677103,8,NA,NA,CYC,NA,F,0.11111111,11.46666667,239
511,SU,11,05/09/2018,10.13,0.999126828,0.417227864,14,NA,NA,CYC,NA,F,0.11111111,11.5,231
512,SU,11,06/09/2018,10.31,3.008622442,0.378709184,3,NA,NA,CYC,NA,F,0.11111111,11.51666667,67
513,SU,11,07/09/2018,13.02,3.135519169,0.360517278,4,NA,NA,CYC,NA,F,0.11111111,11.56666667,124
514,SU,9,08/09/2018,8.25,3.125795148,0.38291438,3,NA,NA,CYC,40.2,F,0.11111111,11.6,119
515,SU,9,09/09/2018,6.88,3.503430805,0.436577066,3,NA,NA,CYC,42.7,F,0.11111111,11.61666667,72
516,SU,6,10/09/2018,12.24,4.897587406,0.295025172,2,NA,NA,CYC,NA,F,0.11111111,11.66666667,30
517,SU,5,11/09/2018,12.26,5.715246136,0.331351322,2,NA,NA,CYC,NA,F,0.11111111,11.7,19
518,SU,4,12/09/2018,NA,3.886454409,0.326449123,3,NA,NA,CYC,26.8,F,0.11111111,11.73333333,NA
519,SU,3,13/09/2018,NA,2.697467412,0.423964036,4,NA,NA,CYC,28.1,F,0.11111111,11.76666667,NA
520,SU,2,14/09/2018,NA,6.736730347,0.330892903,3,NA,NA,CYC,NA,F,0.11111111,11.8,NA
521,SU,2,15/09/2018,NA,6.099077734,0.324004142,2,NA,NA,CYC,NA,F,0.11111111,11.83333333,NA
522,T,10,30/07/2018,7.28,5.279624045,0.206510075,3,NA,NA,ACYC,59,F,0.5,10.38333333,115
523,T,10,31/07/2018,11.23,3.642285643,0.357286653,4,8617,4739,ACYC,NA,F,0.5,10.41666667,209
524,T,10,01/08/2018,11.9,2.136738726,0.374645598,4.5,8418,5209,ACYC,32.1,F,0.5,10.43333333,135
525,T,13,02/08/2018,11.35,8.045184496,0.441673391,2,5275,3080,ACYC,NA,F,0.5,10.46666667,150
526,T,13,03/08/2018,9.12,1.224640982,0.351667408,9,10540,6512,ACYC,NA,F,0.5,10.48333333,275
527,T,13,04/08/2018,10.54,5.75620161,0.349344026,2,5324,4547,ACYC,NA,F,0.5,10.51666667,208
528,T,13,05/08/2018,9.64,2.109296593,0.409247112,4,7401,7416,ACYC,60,F,0.5,10.53333333,208
529,T,13,06/08/2018,8.33,1.941274727,0.789205655,30,7547,11426,ACYC,48.1,F,0.5,10.56666667,511
530,T,13,07/08/2018,11.67,4.393060082,0.300736114,3,5835,3011,ACYC,36.95,F,0.5,10.6,153
531,T,13,08/08/2018,10.11,3.472438324,0.371294889,3,8078,5171,ACYC,NA,F,0.5,10.61666667,200
532,T,13,09/08/2018,11.28,5.787448655,0.330606773,2,7316,2143,ACYC,NA,F,0.5,10.65,223
533,T,13,10/08/2018,11.08,7.232915228,0.319696228,2,6925,2255,ACYC,NA,F,0.5,10.68333333,116
534,T,12,11/08/2018,NA,8.240373832,0.303761172,2,7055,2818,ACYC,11.3,F,0.5,10.7,NA
535,T,13,12/08/2018,12.38,3.241189753,0.376124878,4,4446,6333,ACYC,NA,F,0.5,10.73333333,326
536,T,13,13/08/2018,11.31,3.300888879,0.402495717,3,8241,4066,ACYC,NA,F,0.5,10.76666667,160
537,T,13,14/08/2018,13.48,2.048210175,0.277823258,7,12794,6719,ACYC,NA,F,0.5,10.8,373
538,T,13,15/08/2018,9.5,2.789136237,0.394822158,3,8641,5575,ACYC,29.95,F,0.5,10.81666667,198
539,T,12,16/08/2018,10.38,2.684850978,0.399332825,4,5776,9349,ACYC,NA,F,0.5,10.85,301
540,T,12,17/08/2018,11.98,5.924780829,0.332960192,2,7181,3585,ACYC,NA,F,0.5,10.88333333,114
541,T,12,18/08/2018,8.93,4.346542443,0.404111902,2,8316,3300,ACYC,34.05,F,0.5,10.9,142
542,T,12,19/08/2018,11.8,5.18605845,0.360660377,2,8445,4629,ACYC,NA,F,0.5,10.95,186
543,T,12,20/08/2018,11.34,4.822947945,0.330348892,2,6569,4227,ACYC,25.2,F,0.5,10.98333333,169
544,T,12,21/08/2018,12.35,2.576188542,0.398115043,4,7759,3608,ACYC,NA,F,0.5,11,158
545,T,12,22/08/2018,11.13,3.090565223,0.345490297,3,9128,4353,ACYC,NA,F,0.5,11.03333333,183
546,T,12,23/08/2018,10.12,3.678163679,0.213454778,3,8028,3464,ACYC,NA,F,0.5,11.06666667,148
547,T,12,24/08/2018,10.41,4.658804246,0.373587986,2,10126,1789,ACYC,NA,F,0.5,11.1,84
548,T,12,25/08/2018,10.55,3.495148223,0.38170256,3,5292,5594,ACYC,29.2,F,0.5,11.13333333,271
549,T,11,26/08/2018,12.29,7.207004776,0.292804604,2,4189,4785,ACYC,38.8,F,0.5,11.16666667,191
550,T,11,27/08/2018,9.63,1.310917693,0.39795017,11,9443,8754,ACYC,NA,F,0.5,11.2,233
551,T,11,28/08/2018,12.18,6.136577929,0.315094709,2,5688,2153,ACYC,NA,F,0.5,11.23333333,75
552,T,11,29/08/2018,10.83,2.25034385,0.37654935,4,11549,5146,ACYC,37.9,F,0.5,11.26666667,146
553,T,11,30/08/2018,10.94,3.932576894,0.322638538,2,9607,3303,ACYC,38.3,F,0.5,11.3,129
554,T,11,31/08/2018,9.18,2.996830516,0.502978617,3,7876,6779,ACYC,NA,F,0.5,11.31666667,135
555,T,11,01/09/2018,10.21,3.046018154,0.413101422,3,11063,2721,ACYC,NA,F,0.5,11.36666667,146
556,T,11,02/09/2018,11.39,2.848057011,0.413493634,4,5036,2997,ACYC,NA,F,0.5,11.4,101
557,T,11,03/09/2018,12.01,5.287332792,0.295076416,2,8093,2745,ACYC,NA,F,0.5,11.41666667,154
558,T,11,04/09/2018,8.19,1.138073728,0.392683558,8,9706,6541,ACYC,26.2,F,0.5,11.46666667,231
559,T,11,05/09/2018,10.34,1.245013844,0.621727291,9,9215,8776,ACYC,32.3,F,0.5,11.5,175
560,T,11,06/09/2018,10.58,5.189268886,0.386289585,2,7217,2293,ACYC,NA,F,0.5,11.51666667,74
561,T,11,07/09/2018,11,3.614379405,0.453414703,4,6451,5153,ACYC,NA,F,0.5,11.56666667,146
562,T,9,08/09/2018,8.57,4.817165713,0.378639852,2,3682,2853,ACYC,38.1,F,0.5,11.6,86
563,T,9,09/09/2018,6.29,3.174279175,0.451500042,3,10882,2756,ACYC,15.8,F,0.5,11.61666667,51
564,T,6,10/09/2018,12.17,5.764424419,0.284902055,2,8915,2685,ACYC,39.6,F,0.5,11.66666667,40
565,T,5,11/09/2018,11.41,4.953983872,0.347014975,2,NA,NA,ACYC,NA,F,0.5,11.7,67
566,T,4,12/09/2018,NA,5.367924258,0.359109814,2,NA,NA,ACYC,NA,F,0.5,11.73333333,NA
